id,name,category,subcategory,force,intended_use,source_sheet,source_prompt,cell,file,size,bg,status,notes
ICON-001,Gaia force,icon,forces,Gaia,HUD / UI iconography,ICON_01,UI-ICON-S01,r0c0,assets/icons/forces/ICON-001_gaia-force.png,256x256,transparent,confirmed,
ICON-002,Ouranos force,icon,forces,Ouranos,HUD / UI iconography,ICON_01,UI-ICON-S01,r0c1,assets/icons/forces/ICON-002_ouranos-force.png,256x256,transparent,confirmed,
ICON-003,Cosmos force,icon,forces,Cosmos,HUD / UI iconography,ICON_01,UI-ICON-S01,r0c2,assets/icons/forces/ICON-003_cosmos-force.png,256x256,transparent,confirmed,
ICON-004,Chaos force,icon,forces,Chaos,HUD / UI iconography,ICON_01,UI-ICON-S01,r0c3,assets/icons/forces/ICON-004_chaos-force.png,256x256,transparent,confirmed,
ICON-005,Eros force,icon,forces,Eros,HUD / UI iconography,ICON_01,UI-ICON-S01,r0c4,assets/icons/forces/ICON-005_eros-force.png,256x256,transparent,confirmed,
ICON-006,Thanatos force,icon,forces,Thanatos,HUD / UI iconography,ICON_01,UI-ICON-S01,r1c0,assets/icons/forces/ICON-006_thanatos-force.png,256x256,transparent,confirmed,
ICON-007,Wild rank badge,icon,ranks,,HUD / UI iconography,ICON_01,UI-ICON-S01,r1c1,assets/icons/ranks/ICON-007_wild-rank-badge.png,256x256,transparent,confirmed,
ICON-008,Legendary rank badge,icon,ranks,,HUD / UI iconography,ICON_01,UI-ICON-S01,r1c2,assets/icons/ranks/ICON-008_legendary-rank-badge.png,256x256,transparent,confirmed,
ICON-009,God rank badge,icon,ranks,,HUD / UI iconography,ICON_01,UI-ICON-S01,r1c3,assets/icons/ranks/ICON-009_god-rank-badge.png,256x256,transparent,confirmed,
ICON-010,Primordial rank badge,icon,ranks,,HUD / UI iconography,ICON_01,UI-ICON-S01,r1c4,assets/icons/ranks/ICON-010_primordial-rank-badge.png,256x256,transparent,confirmed,
ICON-011,Bulk,icon,stats,,HUD / UI iconography,ICON_05,UI-ICON-S02,r0c0,assets/icons/stats/ICON-011_bulk.png,256x256,transparent,confirmed,
ICON-012,Celerity,icon,stats,,HUD / UI iconography,ICON_05,UI-ICON-S02,r0c1,assets/icons/stats/ICON-012_celerity.png,256x256,transparent,confirmed,
ICON-013,Ward,icon,stats,,HUD / UI iconography,ICON_05,UI-ICON-S02,r0c2,assets/icons/stats/ICON-013_ward.png,256x256,transparent,confirmed,
ICON-014,Spike,icon,stats,,HUD / UI iconography,ICON_05,UI-ICON-S02,r0c3,assets/icons/stats/ICON-014_spike.png,256x256,transparent,confirmed,
ICON-015,Vitality,icon,stats,,HUD / UI iconography,ICON_05,UI-ICON-S02,r0c4,assets/icons/stats/ICON-015_vitality.png,256x256,transparent,confirmed,
ICON-016,Bane,icon,stats,,HUD / UI iconography,ICON_05,UI-ICON-S02,r1c0,assets/icons/stats/ICON-016_bane.png,256x256,transparent,confirmed,
ICON-017,Luck,icon,stats,,HUD / UI iconography,ICON_05,UI-ICON-S02,r1c1,assets/icons/stats/ICON-017_luck.png,256x256,transparent,confirmed,
ICON-018,Focus,icon,stats,,HUD / UI iconography,ICON_05,UI-ICON-S02,r1c2,assets/icons/stats/ICON-018_focus.png,256x256,transparent,confirmed,
ICON-019,Organic class,icon,class,,HUD / UI iconography,ICON_05,UI-ICON-S02,r1c3,assets/icons/class/ICON-019_organic-class.png,256x256,transparent,confirmed,
ICON-020,Construct class,icon,class,,HUD / UI iconography,ICON_05,UI-ICON-S02,r1c4,assets/icons/class/ICON-020_construct-class.png,256x256,transparent,confirmed,
ICON-021,Strike,icon,skill_verbs,,HUD / UI iconography,ICON_02,UI-ICON-S03,r0c0,assets/icons/skill_verbs/ICON-021_strike.png,256x256,transparent,confirmed,
ICON-022,Drain,icon,skill_verbs,,HUD / UI iconography,ICON_02,UI-ICON-S03,r0c1,assets/icons/skill_verbs/ICON-022_drain.png,256x256,transparent,confirmed,
ICON-023,Ward (verb),icon,skill_verbs,,HUD / UI iconography,ICON_02,UI-ICON-S03,r0c2,assets/icons/skill_verbs/ICON-023_ward-verb.png,256x256,transparent,confirmed,
ICON-024,Mend,icon,skill_verbs,,HUD / UI iconography,ICON_02,UI-ICON-S03,r0c3,assets/icons/skill_verbs/ICON-024_mend.png,256x256,transparent,confirmed,
ICON-025,Hex,icon,skill_verbs,,HUD / UI iconography,ICON_02,UI-ICON-S03,r0c4,assets/icons/skill_verbs/ICON-025_hex.png,256x256,transparent,confirmed,
ICON-026,Rouse,icon,skill_verbs,,HUD / UI iconography,ICON_02,UI-ICON-S03,r1c0,assets/icons/skill_verbs/ICON-026_rouse.png,256x256,transparent,confirmed,
ICON-027,Summon,icon,skill_verbs,,HUD / UI iconography,ICON_02,UI-ICON-S03,r1c1,assets/icons/skill_verbs/ICON-027_summon.png,256x256,transparent,confirmed,
ICON-028,Gambit,icon,skill_verbs,,HUD / UI iconography,ICON_02,UI-ICON-S03,r1c2,assets/icons/skill_verbs/ICON-028_gambit.png,256x256,transparent,confirmed,
ICON-029,Befriend,icon,acquisition,,HUD / UI iconography,ICON_02,UI-ICON-S03,r1c3,assets/icons/acquisition/ICON-029_befriend.png,256x256,transparent,confirmed,
ICON-030,Trap,icon,acquisition,,HUD / UI iconography,ICON_02,UI-ICON-S03,r1c4,assets/icons/acquisition/ICON-030_trap.png,256x256,transparent,confirmed,
ICON-031,Summon (acquire),icon,acquisition,,HUD / UI iconography,ICON_03,UI-ICON-S04,r0c0,assets/icons/acquisition/ICON-031_summon-acquire.png,256x256,transparent,confirmed,
ICON-032,Evolve,icon,lab_verbs,,HUD / UI iconography,ICON_03,UI-ICON-S04,r0c1,assets/icons/lab_verbs/ICON-032_evolve.png,256x256,transparent,confirmed,
ICON-033,Mutate,icon,lab_verbs,,HUD / UI iconography,ICON_03,UI-ICON-S04,r0c2,assets/icons/lab_verbs/ICON-033_mutate.png,256x256,transparent,confirmed,
ICON-034,Fuse,icon,lab_verbs,,HUD / UI iconography,ICON_03,UI-ICON-S04,r0c3,assets/icons/lab_verbs/ICON-034_fuse.png,256x256,transparent,confirmed,
ICON-035,Breed,icon,lab_verbs,,HUD / UI iconography,ICON_03,UI-ICON-S04,r0c4,assets/icons/lab_verbs/ICON-035_breed.png,256x256,transparent,confirmed,
ICON-036,Sacrifice,icon,lab_verbs,,HUD / UI iconography,ICON_03,UI-ICON-S04,r1c0,assets/icons/lab_verbs/ICON-036_sacrifice.png,256x256,transparent,confirmed,
ICON-037,Corruption status,icon,status,,HUD / UI iconography,ICON_03,UI-ICON-S04,r1c1,assets/icons/status/ICON-037_corruption-status.png,256x256,transparent,confirmed,
ICON-038,Instability/Entropy status,icon,status,,HUD / UI iconography,ICON_03,UI-ICON-S04,r1c2,assets/icons/status/ICON-038_instabilityentropy-status.png,256x256,transparent,confirmed,
ICON-039,Bond status,icon,status,,HUD / UI iconography,ICON_03,UI-ICON-S04,r1c3,assets/icons/status/ICON-039_bond-status.png,256x256,transparent,confirmed,
ICON-040,Purity status,icon,status,,HUD / UI iconography,ICON_03,UI-ICON-S04,r1c4,assets/icons/status/ICON-040_purity-status.png,256x256,transparent,confirmed,
ITEM-001,Beast Heart,item,organs,,inventory / Lab / shop item,ITEM_11,ITEM-LAB-S01,r0c0,assets/items/organs/ITEM-001_beast-heart.png,512x512,transparent,confirmed,
ITEM-002,Soul-Gland,item,organs,,inventory / Lab / shop item,ITEM_11,ITEM-LAB-S01,r0c1,assets/items/organs/ITEM-002_soul-gland.png,512x512,transparent,confirmed,
ITEM-003,All-Seeing Eye,item,organs,,inventory / Lab / shop item,ITEM_11,ITEM-LAB-S01,r0c2,assets/items/organs/ITEM-003_all-seeing-eye.png,512x512,transparent,confirmed,
ITEM-004,Rending Claw,item,organs,,inventory / Lab / shop item,ITEM_11,ITEM-LAB-S01,r0c3,assets/items/organs/ITEM-004_rending-claw.png,512x512,transparent,confirmed,
ITEM-005,Venom Fang,item,organs,,inventory / Lab / shop item,ITEM_11,ITEM-LAB-S01,r0c4,assets/items/organs/ITEM-005_venom-fang.png,512x512,transparent,confirmed,
ITEM-006,Spiral Horn,item,organs,,inventory / Lab / shop item,ITEM_11,ITEM-LAB-S01,r1c0,assets/items/organs/ITEM-006_spiral-horn.png,512x512,transparent,confirmed,
ITEM-007,Tattered Wing,item,organs,,inventory / Lab / shop item,ITEM_11,ITEM-LAB-S01,r1c1,assets/items/organs/ITEM-007_tattered-wing.png,512x512,transparent,confirmed,
ITEM-008,Lashing Tail,item,organs,,inventory / Lab / shop item,ITEM_11,ITEM-LAB-S01,r1c2,assets/items/organs/ITEM-008_lashing-tail.png,512x512,transparent,confirmed,
ITEM-009,Marrow Bone,item,organs,,inventory / Lab / shop item,ITEM_11,ITEM-LAB-S01,r1c3,assets/items/organs/ITEM-009_marrow-bone.png,512x512,transparent,confirmed,
ITEM-010,Runed Hide,item,organs,,inventory / Lab / shop item,ITEM_11,ITEM-LAB-S01,r1c4,assets/items/organs/ITEM-010_runed-hide.png,512x512,transparent,confirmed,
ITEM-011,Construct Power-Core,item,cores,,inventory / Lab / shop item,ITEM_01,ITEM-LAB-S02,r0c0,assets/items/cores/ITEM-011_construct-power-core.png,512x512,transparent,confirmed,
ITEM-012,Soul-Core,item,cores,,inventory / Lab / shop item,ITEM_01,ITEM-LAB-S02,r0c1,assets/items/cores/ITEM-012_soul-core.png,512x512,transparent,confirmed,
ITEM-013,Gaia Force-Core,item,cores,Gaia,inventory / Lab / shop item,ITEM_01,ITEM-LAB-S02,r0c2,assets/items/cores/ITEM-013_gaia-force-core.png,512x512,transparent,confirmed,
ITEM-014,Ouranos Force-Core,item,cores,Ouranos,inventory / Lab / shop item,ITEM_01,ITEM-LAB-S02,r0c3,assets/items/cores/ITEM-014_ouranos-force-core.png,512x512,transparent,confirmed,
ITEM-015,Cosmos Force-Core,item,cores,Cosmos,inventory / Lab / shop item,ITEM_01,ITEM-LAB-S02,r0c4,assets/items/cores/ITEM-015_cosmos-force-core.png,512x512,transparent,confirmed,
ITEM-016,Chaos Force-Core,item,cores,Chaos,inventory / Lab / shop item,ITEM_01,ITEM-LAB-S02,r1c0,assets/items/cores/ITEM-016_chaos-force-core.png,512x512,transparent,confirmed,
ITEM-017,Eros Force-Core,item,cores,Eros,inventory / Lab / shop item,ITEM_01,ITEM-LAB-S02,r1c1,assets/items/cores/ITEM-017_eros-force-core.png,512x512,transparent,confirmed,
ITEM-018,Thanatos Force-Core,item,cores,Thanatos,inventory / Lab / shop item,ITEM_01,ITEM-LAB-S02,r1c2,assets/items/cores/ITEM-018_thanatos-force-core.png,512x512,transparent,confirmed,
ITEM-019,Unstable Core,item,cores,,inventory / Lab / shop item,ITEM_01,ITEM-LAB-S02,r1c3,assets/items/cores/ITEM-019_unstable-core.png,512x512,transparent,confirmed,
ITEM-020,Relic Core,item,cores,,inventory / Lab / shop item,ITEM_01,ITEM-LAB-S02,r1c4,assets/items/cores/ITEM-020_relic-core.png,512x512,transparent,confirmed,
ITEM-021,Gene Helix Vial,item,genes,,inventory / Lab / shop item,ITEM_03,ITEM-LAB-S03,r0c0,assets/items/genes/ITEM-021_gene-helix-vial.png,512x512,transparent,confirmed,
ITEM-022,Dominant-Gene Crystal,item,genes,,inventory / Lab / shop item,ITEM_03,ITEM-LAB-S03,r0c1,assets/items/genes/ITEM-022_dominant-gene-crystal.png,512x512,transparent,confirmed,
ITEM-023,Dormant-Gene Shard,item,genes,,inventory / Lab / shop item,ITEM_03,ITEM-LAB-S03,r0c2,assets/items/genes/ITEM-023_dormant-gene-shard.png,512x512,transparent,confirmed,
ITEM-024,Mutagene Strand,item,genes,,inventory / Lab / shop item,ITEM_03,ITEM-LAB-S03,r0c3,assets/items/genes/ITEM-024_mutagene-strand.png,512x512,transparent,confirmed,
ITEM-025,Gaia Gene-Strand,item,genes,Gaia,inventory / Lab / shop item,ITEM_03,ITEM-LAB-S03,r0c4,assets/items/genes/ITEM-025_gaia-gene-strand.png,512x512,transparent,confirmed,
ITEM-026,Ouranos Gene-Strand,item,genes,Ouranos,inventory / Lab / shop item,ITEM_03,ITEM-LAB-S03,r1c0,assets/items/genes/ITEM-026_ouranos-gene-strand.png,512x512,transparent,confirmed,
ITEM-027,Cosmos Gene-Strand,item,genes,Cosmos,inventory / Lab / shop item,ITEM_03,ITEM-LAB-S03,r1c1,assets/items/genes/ITEM-027_cosmos-gene-strand.png,512x512,transparent,confirmed,
ITEM-028,Chaos Gene-Strand,item,genes,Chaos,inventory / Lab / shop item,ITEM_03,ITEM-LAB-S03,r1c2,assets/items/genes/ITEM-028_chaos-gene-strand.png,512x512,transparent,confirmed,
ITEM-029,Eros Gene-Strand,item,genes,Eros,inventory / Lab / shop item,ITEM_03,ITEM-LAB-S03,r1c3,assets/items/genes/ITEM-029_eros-gene-strand.png,512x512,transparent,confirmed,
ITEM-030,Thanatos Gene-Strand,item,genes,Thanatos,inventory / Lab / shop item,ITEM_03,ITEM-LAB-S03,r1c4,assets/items/genes/ITEM-030_thanatos-gene-strand.png,512x512,transparent,confirmed,
ITEM-031,Brass Gears,item,scrap,,inventory / Lab / shop item,ITEM_02,ITEM-LAB-S04,r0c0,assets/items/scrap/ITEM-031_brass-gears.png,512x512,transparent,confirmed,
ITEM-032,Iron Plating,item,scrap,,inventory / Lab / shop item,ITEM_02,ITEM-LAB-S04,r0c1,assets/items/scrap/ITEM-032_iron-plating.png,512x512,transparent,confirmed,
ITEM-033,Copper Wire-Coil,item,scrap,,inventory / Lab / shop item,ITEM_02,ITEM-LAB-S04,r0c2,assets/items/scrap/ITEM-033_copper-wire-coil.png,512x512,transparent,confirmed,
ITEM-034,Rivet Pouch,item,scrap,,inventory / Lab / shop item,ITEM_02,ITEM-LAB-S04,r0c3,assets/items/scrap/ITEM-034_rivet-pouch.png,512x512,transparent,confirmed,
ITEM-035,Cracked Chassis,item,scrap,,inventory / Lab / shop item,ITEM_02,ITEM-LAB-S04,r0c4,assets/items/scrap/ITEM-035_cracked-chassis.png,512x512,transparent,confirmed,
ITEM-036,Hydraulic Piston,item,scrap,,inventory / Lab / shop item,ITEM_02,ITEM-LAB-S04,r1c0,assets/items/scrap/ITEM-036_hydraulic-piston.png,512x512,transparent,confirmed,
ITEM-037,Focusing Lens,item,scrap,,inventory / Lab / shop item,ITEM_02,ITEM-LAB-S04,r1c1,assets/items/scrap/ITEM-037_focusing-lens.png,512x512,transparent,confirmed,
ITEM-038,Signal Antenna,item,scrap,,inventory / Lab / shop item,ITEM_02,ITEM-LAB-S04,r1c2,assets/items/scrap/ITEM-038_signal-antenna.png,512x512,transparent,confirmed,
ITEM-039,Tension Spring,item,scrap,,inventory / Lab / shop item,ITEM_02,ITEM-LAB-S04,r1c3,assets/items/scrap/ITEM-039_tension-spring.png,512x512,transparent,confirmed,
ITEM-040,Rust-Bolt Cluster,item,scrap,,inventory / Lab / shop item,ITEM_02,ITEM-LAB-S04,r1c4,assets/items/scrap/ITEM-040_rust-bolt-cluster.png,512x512,transparent,confirmed,
ITEM-041,Graft Kit,item,kits_mods,,inventory / Lab / shop item,ITEM_04,ITEM-LAB-S05,r0c0,assets/items/kits_mods/ITEM-041_graft-kit.png,512x512,transparent,confirmed,
ITEM-042,Plating Kit,item,kits_mods,,inventory / Lab / shop item,ITEM_04,ITEM-LAB-S05,r0c1,assets/items/kits_mods/ITEM-042_plating-kit.png,512x512,transparent,confirmed,
ITEM-043,Sigil-Mod Stamp,item,kits_mods,,inventory / Lab / shop item,ITEM_04,ITEM-LAB-S05,r0c2,assets/items/kits_mods/ITEM-043_sigil-mod-stamp.png,512x512,transparent,confirmed,
ITEM-044,Cybernetic Limb,item,kits_mods,,inventory / Lab / shop item,ITEM_04,ITEM-LAB-S05,r0c3,assets/items/kits_mods/ITEM-044_cybernetic-limb.png,512x512,transparent,confirmed,
ITEM-045,Organ Jar,item,kits_mods,,inventory / Lab / shop item,ITEM_04,ITEM-LAB-S05,r0c4,assets/items/kits_mods/ITEM-045_organ-jar.png,512x512,transparent,confirmed,
ITEM-046,Gene-Injector,item,kits_mods,,inventory / Lab / shop item,ITEM_04,ITEM-LAB-S05,r1c0,assets/items/kits_mods/ITEM-046_gene-injector.png,512x512,transparent,confirmed,
ITEM-047,Bolt-on Armor,item,kits_mods,,inventory / Lab / shop item,ITEM_04,ITEM-LAB-S05,r1c1,assets/items/kits_mods/ITEM-047_bolt-on-armor.png,512x512,transparent,confirmed,
ITEM-048,Ocular Implant,item,kits_mods,,inventory / Lab / shop item,ITEM_04,ITEM-LAB-S05,r1c2,assets/items/kits_mods/ITEM-048_ocular-implant.png,512x512,transparent,confirmed,
ITEM-049,Soul-Conduit,item,kits_mods,,inventory / Lab / shop item,ITEM_04,ITEM-LAB-S05,r1c3,assets/items/kits_mods/ITEM-049_soul-conduit.png,512x512,transparent,confirmed,
ITEM-050,Lab Toolkit,item,kits_mods,,inventory / Lab / shop item,ITEM_04,ITEM-LAB-S05,r1c4,assets/items/kits_mods/ITEM-050_lab-toolkit.png,512x512,transparent,confirmed,
ITEM-051,Gaia Mutagen,item,mutagens,Gaia,inventory / Lab / shop item,ITEM_07,ITEM-CON-S01,r0c0,assets/items/mutagens/ITEM-051_gaia-mutagen.png,512x512,transparent,confirmed,
ITEM-052,Ouranos Mutagen,item,mutagens,Ouranos,inventory / Lab / shop item,ITEM_07,ITEM-CON-S01,r0c1,assets/items/mutagens/ITEM-052_ouranos-mutagen.png,512x512,transparent,confirmed,
ITEM-053,Cosmos Mutagen,item,mutagens,Cosmos,inventory / Lab / shop item,ITEM_07,ITEM-CON-S01,r0c2,assets/items/mutagens/ITEM-053_cosmos-mutagen.png,512x512,transparent,confirmed,
ITEM-054,Chaos Mutagen,item,mutagens,Chaos,inventory / Lab / shop item,ITEM_07,ITEM-CON-S01,r0c3,assets/items/mutagens/ITEM-054_chaos-mutagen.png,512x512,transparent,confirmed,
ITEM-055,Eros Mutagen,item,mutagens,Eros,inventory / Lab / shop item,ITEM_07,ITEM-CON-S01,r0c4,assets/items/mutagens/ITEM-055_eros-mutagen.png,512x512,transparent,confirmed,
ITEM-056,Thanatos Mutagen,item,mutagens,Thanatos,inventory / Lab / shop item,ITEM_07,ITEM-CON-S01,r1c0,assets/items/mutagens/ITEM-056_thanatos-mutagen.png,512x512,transparent,confirmed,
ITEM-057,Entropy Catalyst,item,mutagens,,inventory / Lab / shop item,ITEM_07,ITEM-CON-S01,r1c1,assets/items/mutagens/ITEM-057_entropy-catalyst.png,512x512,transparent,confirmed,
ITEM-058,Stabilizer Serum,item,mutagens,,inventory / Lab / shop item,ITEM_07,ITEM-CON-S01,r1c2,assets/items/mutagens/ITEM-058_stabilizer-serum.png,512x512,transparent,confirmed,
ITEM-059,Dominant-Gene Vial,item,mutagens,,inventory / Lab / shop item,ITEM_07,ITEM-CON-S01,r1c3,assets/items/mutagens/ITEM-059_dominant-gene-vial.png,512x512,transparent,confirmed,
ITEM-060,Dormant-Gene Vial,item,mutagens,,inventory / Lab / shop item,ITEM_07,ITEM-CON-S01,r1c4,assets/items/mutagens/ITEM-060_dormant-gene-vial.png,512x512,transparent,confirmed,
ITEM-061,Lesser Vitae Draught,item,recovery,,inventory / Lab / shop item,ITEM_05,ITEM-CON-S02,r0c0,assets/items/recovery/ITEM-061_lesser-vitae-draught.png,512x512,transparent,confirmed,
ITEM-062,Greater Vitae Draught,item,recovery,,inventory / Lab / shop item,ITEM_05,ITEM-CON-S02,r0c1,assets/items/recovery/ITEM-062_greater-vitae-draught.png,512x512,transparent,confirmed,
ITEM-063,Focus Elixir,item,recovery,,inventory / Lab / shop item,ITEM_05,ITEM-CON-S02,r0c2,assets/items/recovery/ITEM-063_focus-elixir.png,512x512,transparent,confirmed,
ITEM-064,Full Restore Tonic,item,recovery,,inventory / Lab / shop item,ITEM_05,ITEM-CON-S02,r0c3,assets/items/recovery/ITEM-064_full-restore-tonic.png,512x512,transparent,confirmed,
ITEM-065,Revive Token,item,recovery,,inventory / Lab / shop item,ITEM_05,ITEM-CON-S02,r0c4,assets/items/recovery/ITEM-065_revive-token.png,512x512,transparent,confirmed,
ITEM-066,Cure-Corruption Tincture,item,recovery,,inventory / Lab / shop item,ITEM_05,ITEM-CON-S02,r1c0,assets/items/recovery/ITEM-066_cure-corruption-tincture.png,512x512,transparent,confirmed,
ITEM-067,Antidote,item,recovery,,inventory / Lab / shop item,ITEM_05,ITEM-CON-S02,r1c1,assets/items/recovery/ITEM-067_antidote.png,512x512,transparent,confirmed,
ITEM-068,Bond Treat,item,recovery,,inventory / Lab / shop item,ITEM_05,ITEM-CON-S02,r1c2,assets/items/recovery/ITEM-068_bond-treat.png,512x512,transparent,confirmed,
ITEM-069,Energy Tonic,item,recovery,,inventory / Lab / shop item,ITEM_05,ITEM-CON-S02,r1c3,assets/items/recovery/ITEM-069_energy-tonic.png,512x512,transparent,confirmed,
ITEM-070,Smelling Salts,item,recovery,,inventory / Lab / shop item,ITEM_05,ITEM-CON-S02,r1c4,assets/items/recovery/ITEM-070_smelling-salts.png,512x512,transparent,confirmed,
ITEM-071,Strike Vial,item,skill_vials,,inventory / Lab / shop item,ITEM_06,ITEM-CON-S03,r0c0,assets/items/skill_vials/ITEM-071_strike-vial.png,512x512,transparent,confirmed,
ITEM-072,Drain Vial,item,skill_vials,,inventory / Lab / shop item,ITEM_06,ITEM-CON-S03,r0c1,assets/items/skill_vials/ITEM-072_drain-vial.png,512x512,transparent,confirmed,
ITEM-073,Ward Vial,item,skill_vials,,inventory / Lab / shop item,ITEM_06,ITEM-CON-S03,r0c2,assets/items/skill_vials/ITEM-073_ward-vial.png,512x512,transparent,confirmed,
ITEM-074,Mend Vial,item,skill_vials,,inventory / Lab / shop item,ITEM_06,ITEM-CON-S03,r0c3,assets/items/skill_vials/ITEM-074_mend-vial.png,512x512,transparent,confirmed,
ITEM-075,Hex Vial,item,skill_vials,,inventory / Lab / shop item,ITEM_06,ITEM-CON-S03,r0c4,assets/items/skill_vials/ITEM-075_hex-vial.png,512x512,transparent,confirmed,
ITEM-076,Rouse Vial,item,skill_vials,,inventory / Lab / shop item,ITEM_06,ITEM-CON-S03,r1c0,assets/items/skill_vials/ITEM-076_rouse-vial.png,512x512,transparent,confirmed,
ITEM-077,Summon Vial,item,skill_vials,,inventory / Lab / shop item,ITEM_06,ITEM-CON-S03,r1c1,assets/items/skill_vials/ITEM-077_summon-vial.png,512x512,transparent,confirmed,
ITEM-078,Gambit Vial,item,skill_vials,,inventory / Lab / shop item,ITEM_06,ITEM-CON-S03,r1c2,assets/items/skill_vials/ITEM-078_gambit-vial.png,512x512,transparent,confirmed,
ITEM-079,Construct Blueprint,item,skill_vials,,inventory / Lab / shop item,ITEM_06,ITEM-CON-S03,r1c3,assets/items/skill_vials/ITEM-079_construct-blueprint.png,512x512,transparent,confirmed,
ITEM-080,Recipe Tome,item,skill_vials,,inventory / Lab / shop item,ITEM_06,ITEM-CON-S03,r1c4,assets/items/skill_vials/ITEM-080_recipe-tome.png,512x512,transparent,confirmed,
ITEM-081,Gaia Essence,item,essences,Gaia,inventory / Lab / shop item,ITEM_08,ITEM-ESS-S01,r0c0,assets/items/essences/ITEM-081_gaia-essence.png,512x512,transparent,confirmed,
ITEM-082,Ouranos Essence,item,essences,Ouranos,inventory / Lab / shop item,ITEM_08,ITEM-ESS-S01,r0c1,assets/items/essences/ITEM-082_ouranos-essence.png,512x512,transparent,confirmed,
ITEM-083,Cosmos Essence,item,essences,Cosmos,inventory / Lab / shop item,ITEM_08,ITEM-ESS-S01,r0c2,assets/items/essences/ITEM-083_cosmos-essence.png,512x512,transparent,confirmed,
ITEM-084,Chaos Essence,item,essences,Chaos,inventory / Lab / shop item,ITEM_08,ITEM-ESS-S01,r0c3,assets/items/essences/ITEM-084_chaos-essence.png,512x512,transparent,confirmed,
ITEM-085,Eros Essence,item,essences,Eros,inventory / Lab / shop item,ITEM_08,ITEM-ESS-S01,r0c4,assets/items/essences/ITEM-085_eros-essence.png,512x512,transparent,confirmed,
ITEM-086,Thanatos Essence,item,essences,Thanatos,inventory / Lab / shop item,ITEM_08,ITEM-ESS-S01,r1c0,assets/items/essences/ITEM-086_thanatos-essence.png,512x512,transparent,confirmed,
ITEM-087,Wild Soul-Essence,item,essences,,inventory / Lab / shop item,ITEM_08,ITEM-ESS-S01,r1c1,assets/items/essences/ITEM-087_wild-soul-essence.png,512x512,transparent,confirmed,
ITEM-088,God-Essence,item,essences,,inventory / Lab / shop item,ITEM_08,ITEM-ESS-S01,r1c2,assets/items/essences/ITEM-088_god-essence.png,512x512,transparent,confirmed,
ITEM-089,Primordial Essence,item,essences,,inventory / Lab / shop item,ITEM_08,ITEM-ESS-S01,r1c3,assets/items/essences/ITEM-089_primordial-essence.png,512x512,transparent,confirmed,
ITEM-090,Corrupted Essence,item,essences,,inventory / Lab / shop item,ITEM_08,ITEM-ESS-S01,r1c4,assets/items/essences/ITEM-090_corrupted-essence.png,512x512,transparent,confirmed,
ITEM-091,Ascension Altar,item,ritual,,inventory / Lab / shop item,ITEM_10,ITEM-ESS-S02,r0c0,assets/items/ritual/ITEM-091_ascension-altar.png,512x512,transparent,confirmed,
ITEM-092,Ritual Candle,item,ritual,,inventory / Lab / shop item,ITEM_10,ITEM-ESS-S02,r0c1,assets/items/ritual/ITEM-092_ritual-candle.png,512x512,transparent,confirmed,
ITEM-093,Sigil Chalk,item,ritual,,inventory / Lab / shop item,ITEM_10,ITEM-ESS-S02,r0c2,assets/items/ritual/ITEM-093_sigil-chalk.png,512x512,transparent,confirmed,
ITEM-094,Offering Bowl,item,ritual,,inventory / Lab / shop item,ITEM_10,ITEM-ESS-S02,r0c3,assets/items/ritual/ITEM-094_offering-bowl.png,512x512,transparent,confirmed,
ITEM-095,Purity Crystal,item,ritual,,inventory / Lab / shop item,ITEM_10,ITEM-ESS-S02,r0c4,assets/items/ritual/ITEM-095_purity-crystal.png,512x512,transparent,confirmed,
ITEM-096,Ascension Key,item,ritual,,inventory / Lab / shop item,ITEM_10,ITEM-ESS-S02,r1c0,assets/items/ritual/ITEM-096_ascension-key.png,512x512,transparent,confirmed,
ITEM-097,Godshard,item,ritual,,inventory / Lab / shop item,ITEM_10,ITEM-ESS-S02,r1c1,assets/items/ritual/ITEM-097_godshard.png,512x512,transparent,confirmed,
ITEM-098,Incense Censer,item,ritual,,inventory / Lab / shop item,ITEM_10,ITEM-ESS-S02,r1c2,assets/items/ritual/ITEM-098_incense-censer.png,512x512,transparent,confirmed,
ITEM-099,Ritual Dagger,item,ritual,,inventory / Lab / shop item,ITEM_10,ITEM-ESS-S02,r1c3,assets/items/ritual/ITEM-099_ritual-dagger.png,512x512,transparent,confirmed,
ITEM-100,Summoning Circle Token,item,ritual,,inventory / Lab / shop item,ITEM_10,ITEM-ESS-S02,r1c4,assets/items/ritual/ITEM-100_summoning-circle-token.png,512x512,transparent,confirmed,
ITEM-101,Cage Trap,item,acquisition,,inventory / Lab / shop item,ITEM_09,ITEM-ESS-S03,r0c0,assets/items/acquisition/ITEM-101_cage-trap.png,512x512,transparent,confirmed,
ITEM-102,Wire Snare,item,acquisition,,inventory / Lab / shop item,ITEM_09,ITEM-ESS-S03,r0c1,assets/items/acquisition/ITEM-102_wire-snare.png,512x512,transparent,confirmed,
ITEM-103,Soul-Trap Lantern,item,acquisition,,inventory / Lab / shop item,ITEM_09,ITEM-ESS-S03,r0c2,assets/items/acquisition/ITEM-103_soul-trap-lantern.png,512x512,transparent,confirmed,
ITEM-104,Warded Box,item,acquisition,,inventory / Lab / shop item,ITEM_09,ITEM-ESS-S03,r0c3,assets/items/acquisition/ITEM-104_warded-box.png,512x512,transparent,confirmed,
ITEM-105,Summoning Horn,item,acquisition,,inventory / Lab / shop item,ITEM_09,ITEM-ESS-S03,r0c4,assets/items/acquisition/ITEM-105_summoning-horn.png,512x512,transparent,confirmed,
ITEM-106,Summon Sigil-Stone,item,acquisition,,inventory / Lab / shop item,ITEM_09,ITEM-ESS-S03,r1c0,assets/items/acquisition/ITEM-106_summon-sigil-stone.png,512x512,transparent,confirmed,
ITEM-107,Effigy Doll,item,acquisition,,inventory / Lab / shop item,ITEM_09,ITEM-ESS-S03,r1c1,assets/items/acquisition/ITEM-107_effigy-doll.png,512x512,transparent,confirmed,
ITEM-108,Friendship Charm,item,acquisition,,inventory / Lab / shop item,ITEM_09,ITEM-ESS-S03,r1c2,assets/items/acquisition/ITEM-108_friendship-charm.png,512x512,transparent,confirmed,
ITEM-109,Treat Pouch,item,acquisition,,inventory / Lab / shop item,ITEM_09,ITEM-ESS-S03,r1c3,assets/items/acquisition/ITEM-109_treat-pouch.png,512x512,transparent,confirmed,
ITEM-110,Taming Whistle,item,acquisition,,inventory / Lab / shop item,ITEM_09,ITEM-ESS-S03,r1c4,assets/items/acquisition/ITEM-110_taming-whistle.png,512x512,transparent,confirmed,
TILE-001,Gaia stoneground,tile,iso,Gaia,world-map & battle environment,TILE_01,TILE-ISO-S01,r0c0,assets/tiles/iso/TILE-001_gaia-stoneground.png,512x512,transparent,confirmed,
TILE-002,Ouranos cloudfield,tile,iso,Ouranos,world-map & battle environment,TILE_01,TILE-ISO-S01,r0c1,assets/tiles/iso/TILE-002_ouranos-cloudfield.png,512x512,transparent,confirmed,
TILE-003,Cosmos order-floor,tile,iso,Cosmos,world-map & battle environment,TILE_01,TILE-ISO-S01,r0c2,assets/tiles/iso/TILE-003_cosmos-order-floor.png,512x512,transparent,confirmed,
TILE-004,Chaos scorch-earth,tile,iso,Chaos,world-map & battle environment,TILE_01,TILE-ISO-S01,r0c3,assets/tiles/iso/TILE-004_chaos-scorch-earth.png,512x512,transparent,confirmed,
TILE-005,Eros bloom-meadow,tile,iso,Eros,world-map & battle environment,TILE_01,TILE-ISO-S01,r0c4,assets/tiles/iso/TILE-005_eros-bloom-meadow.png,512x512,transparent,confirmed,
TILE-006,Thanatos grave-ash,tile,iso,Thanatos,world-map & battle environment,TILE_01,TILE-ISO-S01,r1c0,assets/tiles/iso/TILE-006_thanatos-grave-ash.png,512x512,transparent,confirmed,
TILE-007,Tidewater tile,tile,iso,,world-map & battle environment,TILE_01,TILE-ISO-S01,r1c1,assets/tiles/iso/TILE-007_tidewater-tile.png,512x512,transparent,confirmed,
TILE-008,Worn path tile,tile,iso,,world-map & battle environment,TILE_01,TILE-ISO-S01,r1c2,assets/tiles/iso/TILE-008_worn-path-tile.png,512x512,transparent,confirmed,
TILE-009,Cliff-edge tile,tile,iso,,world-map & battle environment,TILE_01,TILE-ISO-S01,r1c3,assets/tiles/iso/TILE-009_cliff-edge-tile.png,512x512,transparent,confirmed,
TILE-010,Ritual-circle tile,tile,iso,,world-map & battle environment,TILE_01,TILE-ISO-S01,r1c4,assets/tiles/iso/TILE-010_ritual-circle-tile.png,512x512,transparent,confirmed,
TILE-011,Desert dune,tile,iso,,world-map & battle environment,TILE_02,TILE-ISO-S02,r0c0,assets/tiles/iso/TILE-011_desert-dune.png,512x512,transparent,confirmed,
TILE-012,Glacier ice,tile,iso,,world-map & battle environment,TILE_02,TILE-ISO-S02,r0c1,assets/tiles/iso/TILE-012_glacier-ice.png,512x512,transparent,confirmed,
TILE-013,Jungle floor,tile,iso,,world-map & battle environment,TILE_02,TILE-ISO-S02,r0c2,assets/tiles/iso/TILE-013_jungle-floor.png,512x512,transparent,confirmed,
TILE-014,Volcanic basalt,tile,iso,,world-map & battle environment,TILE_02,TILE-ISO-S02,r0c3,assets/tiles/iso/TILE-014_volcanic-basalt.png,512x512,transparent,confirmed,
TILE-015,Swamp bog,tile,iso,,world-map & battle environment,TILE_02,TILE-ISO-S02,r0c4,assets/tiles/iso/TILE-015_swamp-bog.png,512x512,transparent,confirmed,
TILE-016,Reef shallows,tile,iso,,world-map & battle environment,TILE_02,TILE-ISO-S02,r1c0,assets/tiles/iso/TILE-016_reef-shallows.png,512x512,transparent,confirmed,
TILE-017,Tundra scrub,tile,iso,,world-map & battle environment,TILE_02,TILE-ISO-S02,r1c1,assets/tiles/iso/TILE-017_tundra-scrub.png,512x512,transparent,confirmed,
TILE-018,Savanna grass,tile,iso,,world-map & battle environment,TILE_02,TILE-ISO-S02,r1c2,assets/tiles/iso/TILE-018_savanna-grass.png,512x512,transparent,confirmed,
TILE-019,Cavern crystal,tile,iso,,world-map & battle environment,TILE_02,TILE-ISO-S02,r1c3,assets/tiles/iso/TILE-019_cavern-crystal.png,512x512,transparent,confirmed,
TILE-020,Void-null tile,tile,iso,,world-map & battle environment,TILE_02,TILE-ISO-S02,r1c4,assets/tiles/iso/TILE-020_void-null-tile.png,512x512,transparent,confirmed,
TILE-021,Graveyard plot,tile,iso,,world-map & battle environment,TILE_07,TILE-ISO-S03,r0c0,assets/tiles/iso/TILE-021_graveyard-plot.png,512x512,transparent,confirmed,
TILE-022,Temple/shrine,tile,iso,,world-map & battle environment,TILE_07,TILE-ISO-S03,r0c1,assets/tiles/iso/TILE-022_templeshrine.png,512x512,transparent,confirmed,
TILE-023,Lab/Forge floor,tile,iso,,world-map & battle environment,TILE_07,TILE-ISO-S03,r0c2,assets/tiles/iso/TILE-023_labforge-floor.png,512x512,transparent,confirmed,
TILE-024,Ancient ruin,tile,iso,,world-map & battle environment,TILE_07,TILE-ISO-S03,r0c3,assets/tiles/iso/TILE-024_ancient-ruin.png,512x512,transparent,confirmed,
TILE-025,Corrupted ground,tile,iso,,world-map & battle environment,TILE_07,TILE-ISO-S03,r0c4,assets/tiles/iso/TILE-025_corrupted-ground.png,512x512,transparent,confirmed,
TILE-026,Ascension altar platform,tile,iso,,world-map & battle environment,TILE_07,TILE-ISO-S03,r1c0,assets/tiles/iso/TILE-026_ascension-altar-platform.png,512x512,transparent,confirmed,
TILE-027,Town/market tile,tile,iso,,world-map & battle environment,TILE_07,TILE-ISO-S03,r1c1,assets/tiles/iso/TILE-027_townmarket-tile.png,512x512,transparent,confirmed,
TILE-028,Summon portal,tile,iso,,world-map & battle environment,TILE_07,TILE-ISO-S03,r1c2,assets/tiles/iso/TILE-028_summon-portal.png,512x512,transparent,confirmed,
TILE-029,Stone bridge,tile,iso,,world-map & battle environment,TILE_07,TILE-ISO-S03,r1c3,assets/tiles/iso/TILE-029_stone-bridge.png,512x512,transparent,confirmed,
TILE-030,Forest grove,tile,iso,,world-map & battle environment,TILE_07,TILE-ISO-S03,r1c4,assets/tiles/iso/TILE-030_forest-grove.png,512x512,transparent,confirmed,
TILE-031,Gaia stoneground,tile,topdown,Gaia,world-map & battle environment,TILE_03,TILE-TD-S01,r0c0,assets/tiles/topdown/TILE-031_gaia-stoneground.png,512x512,opaque,confirmed,
TILE-032,Ouranos cloudfield,tile,topdown,Ouranos,world-map & battle environment,TILE_03,TILE-TD-S01,r0c1,assets/tiles/topdown/TILE-032_ouranos-cloudfield.png,512x512,opaque,confirmed,
TILE-033,Cosmos order-floor,tile,topdown,Cosmos,world-map & battle environment,TILE_03,TILE-TD-S01,r0c2,assets/tiles/topdown/TILE-033_cosmos-order-floor.png,512x512,opaque,confirmed,
TILE-034,Chaos scorch-earth,tile,topdown,Chaos,world-map & battle environment,TILE_03,TILE-TD-S01,r0c3,assets/tiles/topdown/TILE-034_chaos-scorch-earth.png,512x512,opaque,confirmed,
TILE-035,Eros bloom-meadow,tile,topdown,Eros,world-map & battle environment,TILE_03,TILE-TD-S01,r0c4,assets/tiles/topdown/TILE-035_eros-bloom-meadow.png,512x512,opaque,confirmed,
TILE-036,Thanatos grave-ash,tile,topdown,Thanatos,world-map & battle environment,TILE_03,TILE-TD-S01,r1c0,assets/tiles/topdown/TILE-036_thanatos-grave-ash.png,512x512,opaque,confirmed,
TILE-037,Tidewater,tile,topdown,,world-map & battle environment,TILE_03,TILE-TD-S01,r1c1,assets/tiles/topdown/TILE-037_tidewater.png,512x512,opaque,confirmed,
TILE-038,Worn path,tile,topdown,,world-map & battle environment,TILE_03,TILE-TD-S01,r1c2,assets/tiles/topdown/TILE-038_worn-path.png,512x512,opaque,confirmed,
TILE-039,Wall/cliff,tile,topdown,,world-map & battle environment,TILE_03,TILE-TD-S01,r1c3,assets/tiles/topdown/TILE-039_wallcliff.png,512x512,opaque,confirmed,
TILE-040,Ritual-circle,tile,topdown,,world-map & battle environment,TILE_03,TILE-TD-S01,r1c4,assets/tiles/topdown/TILE-040_ritual-circle.png,512x512,opaque,confirmed,
TILE-041,Desert sand,tile,topdown,,world-map & battle environment,TILE_04,TILE-TD-S02,r0c0,assets/tiles/topdown/TILE-041_desert-sand.png,512x512,opaque,confirmed,
TILE-042,Glacier ice,tile,topdown,,world-map & battle environment,TILE_04,TILE-TD-S02,r0c1,assets/tiles/topdown/TILE-042_glacier-ice.png,512x512,opaque,confirmed,
TILE-043,Jungle floor,tile,topdown,,world-map & battle environment,TILE_04,TILE-TD-S02,r0c2,assets/tiles/topdown/TILE-043_jungle-floor.png,512x512,opaque,confirmed,
TILE-044,Volcanic basalt,tile,topdown,,world-map & battle environment,TILE_04,TILE-TD-S02,r0c3,assets/tiles/topdown/TILE-044_volcanic-basalt.png,512x512,opaque,confirmed,
TILE-045,Swamp bog,tile,topdown,,world-map & battle environment,TILE_04,TILE-TD-S02,r0c4,assets/tiles/topdown/TILE-045_swamp-bog.png,512x512,opaque,confirmed,
TILE-046,Reef shallows,tile,topdown,,world-map & battle environment,TILE_04,TILE-TD-S02,r1c0,assets/tiles/topdown/TILE-046_reef-shallows.png,512x512,opaque,confirmed,
TILE-047,Tundra scrub,tile,topdown,,world-map & battle environment,TILE_04,TILE-TD-S02,r1c1,assets/tiles/topdown/TILE-047_tundra-scrub.png,512x512,opaque,confirmed,
TILE-048,Savanna grass,tile,topdown,,world-map & battle environment,TILE_04,TILE-TD-S02,r1c2,assets/tiles/topdown/TILE-048_savanna-grass.png,512x512,opaque,confirmed,
TILE-049,Cavern crystal,tile,topdown,,world-map & battle environment,TILE_04,TILE-TD-S02,r1c3,assets/tiles/topdown/TILE-049_cavern-crystal.png,512x512,opaque,confirmed,
TILE-050,Void-null,tile,topdown,,world-map & battle environment,TILE_04,TILE-TD-S02,r1c4,assets/tiles/topdown/TILE-050_void-null.png,512x512,opaque,confirmed,
TILE-051,Boulder,tile,topdown,,world-map & battle environment,TILE_08,TILE-TD-S03,r0c0,assets/tiles/topdown/TILE-051_boulder.png,512x512,opaque,confirmed,
TILE-052,Tree,tile,topdown,,world-map & battle environment,TILE_08,TILE-TD-S03,r0c1,assets/tiles/topdown/TILE-052_tree.png,512x512,opaque,confirmed,
TILE-053,Water edge,tile,topdown,,world-map & battle environment,TILE_08,TILE-TD-S03,r0c2,assets/tiles/topdown/TILE-053_water-edge.png,512x512,opaque,confirmed,
TILE-054,Crystal cluster,tile,topdown,,world-map & battle environment,TILE_08,TILE-TD-S03,r0c3,assets/tiles/topdown/TILE-054_crystal-cluster.png,512x512,opaque,confirmed,
TILE-055,Bone pile,tile,topdown,,world-map & battle environment,TILE_08,TILE-TD-S03,r0c4,assets/tiles/topdown/TILE-055_bone-pile.png,512x512,opaque,confirmed,
TILE-056,Bloom patch,tile,topdown,,world-map & battle environment,TILE_08,TILE-TD-S03,r1c0,assets/tiles/topdown/TILE-056_bloom-patch.png,512x512,opaque,confirmed,
TILE-057,Lava crack,tile,topdown,,world-map & battle environment,TILE_08,TILE-TD-S03,r1c1,assets/tiles/topdown/TILE-057_lava-crack.png,512x512,opaque,confirmed,
TILE-058,Ice patch,tile,topdown,,world-map & battle environment,TILE_08,TILE-TD-S03,r1c2,assets/tiles/topdown/TILE-058_ice-patch.png,512x512,opaque,confirmed,
TILE-059,Path junction,tile,topdown,,world-map & battle environment,TILE_08,TILE-TD-S03,r1c3,assets/tiles/topdown/TILE-059_path-junction.png,512x512,opaque,confirmed,
TILE-060,Ward-stone,tile,topdown,,world-map & battle environment,TILE_08,TILE-TD-S03,r1c4,assets/tiles/topdown/TILE-060_ward-stone.png,512x512,opaque,confirmed,
TILE-061,Gaia mountain ledge,tile,backdrop,Gaia,world-map & battle environment,TILE_05,TILE-BG-S01,r0c0,assets/tiles/backdrop/TILE-061_gaia-mountain-ledge.png,1024x576,opaque,confirmed,
TILE-062,Ouranos sky-temple,tile,backdrop,Ouranos,world-map & battle environment,TILE_05,TILE-BG-S01,r0c1,assets/tiles/backdrop/TILE-062_ouranos-sky-temple.png,1024x576,opaque,confirmed,
TILE-063,Cosmos ordered sanctum,tile,backdrop,Cosmos,world-map & battle environment,TILE_05,TILE-BG-S01,r0c2,assets/tiles/backdrop/TILE-063_cosmos-ordered-sanctum.png,1024x576,opaque,confirmed,
TILE-064,Chaos volcanic rift,tile,backdrop,Chaos,world-map & battle environment,TILE_05,TILE-BG-S01,r0c3,assets/tiles/backdrop/TILE-064_chaos-volcanic-rift.png,1024x576,opaque,confirmed,
TILE-065,Eros blooming grove,tile,backdrop,Eros,world-map & battle environment,TILE_05,TILE-BG-S01,r0c4,assets/tiles/backdrop/TILE-065_eros-blooming-grove.png,1024x576,opaque,confirmed,
TILE-066,Thanatos moonlit graveyard,tile,backdrop,Thanatos,world-map & battle environment,TILE_05,TILE-BG-S01,r1c0,assets/tiles/backdrop/TILE-066_thanatos-moonlit-graveyard.png,1024x576,opaque,confirmed,
TILE-067,Desert ruin,tile,backdrop,,world-map & battle environment,TILE_06,TILE-BG-S02,r0c0,assets/tiles/backdrop/TILE-067_desert-ruin.png,1024x576,opaque,confirmed,
TILE-068,Glacier cavern,tile,backdrop,,world-map & battle environment,TILE_06,TILE-BG-S02,r0c1,assets/tiles/backdrop/TILE-068_glacier-cavern.png,1024x576,opaque,confirmed,
TILE-069,Abyssal trench,tile,backdrop,,world-map & battle environment,TILE_06,TILE-BG-S02,r0c2,assets/tiles/backdrop/TILE-069_abyssal-trench.png,1024x576,opaque,confirmed,
TILE-070,Jungle clearing,tile,backdrop,,world-map & battle environment,TILE_06,TILE-BG-S02,r0c3,assets/tiles/backdrop/TILE-070_jungle-clearing.png,1024x576,opaque,confirmed,
TILE-071,Swamp mire,tile,backdrop,,world-map & battle environment,TILE_06,TILE-BG-S02,r0c4,assets/tiles/backdrop/TILE-071_swamp-mire.png,1024x576,opaque,confirmed,
TILE-072,Tundra waste,tile,backdrop,,world-map & battle environment,TILE_06,TILE-BG-S02,r1c0,assets/tiles/backdrop/TILE-072_tundra-waste.png,1024x576,opaque,confirmed,
TILE-073,Crystal cavern,tile,backdrop,,world-map & battle environment,(not rendered),TILE-BG-S02,,,,,art-pending,BG-S02 delivered 6 of 10 scenes; regenerate via prompt pack
TILE-074,Void rift,tile,backdrop,,world-map & battle environment,(not rendered),TILE-BG-S02,,,,,art-pending,BG-S02 delivered 6 of 10 scenes; regenerate via prompt pack
TILE-075,Ancient ruin hall,tile,backdrop,,world-map & battle environment,(not rendered),TILE-BG-S02,,,,,art-pending,BG-S02 delivered 6 of 10 scenes; regenerate via prompt pack
TILE-076,Ascension altar summit,tile,backdrop,,world-map & battle environment,(not rendered),TILE-BG-S02,,,,,art-pending,BG-S02 delivered 6 of 10 scenes; regenerate via prompt pack
